{
    "rule": [
        "4月28日至5月3日，免费电影票抢票资格每天16:00，20:00开抢，每场限量150个名额，每人限抢1次，先到先得",
        "资格获取成功后，预订房间并在5月3日（含5月3日）前在铂涛旗下酒店住满2晚或以上（必须本人预订本人入住），即可获得免费电影票一张",
        "电影票兑换码将统一在活动结束后3个工作日内通过短信发送。电影票不限场次全国通兑，有效期至2018年5月3日，过期作废",
        "兑票流程：下载安装“格瓦拉@电影”App>登录>我的钱包>电影票券>输入券码>立即兑换>去选座>选择影院、影片、场次、座位>确认完成兑票>凭短信取票密码至影院取票机取票",
        "若选择的影院票价大于兑换码可兑换的票价，则不支持使用，特殊场次、见面会、电影节、IMAX不支持使用",
        "如有任何疑问，请致电客服 <a href='tel:4008740087'>400-874-0087</a>"
    ],
    "list": [[{
        "id": "2439",
        "name": "麗枫酒店·杭州西湖湖滨店" 
    },{
        "id": "5107",
        "name": "麗枫酒店·广州上下九店" 
    },{
        "id": "4695",
        "name": "麗枫酒店·三亚步行街店" 
    },{
        "id": "4936",
        "name": "麗枫酒店·长沙步行街南门口地铁站店" 
    }],[{
        "id": "2173",
        "name": "喆·啡酒店秦皇岛人民公园店" 
    },{
        "id": "3071",
        "name": "喆·啡酒店上海徐家汇店" 
    },{
        "id": "4478",
        "name": "喆·啡酒店珠海横琴长隆店" 
    },{
        "id": "4397",
        "name": "喆·啡酒店拉萨大昭寺店" 
    }],[{
        "id": "3083",
        "name": "希岸酒店上海静安寺店" 
    },{
        "id": "4558",
        "name": "希岸酒店重庆观音桥中心店" 
    },{
        "id": "5375",
        "name": "希岸酒店深圳机场航站楼店" 
    },{
        "id": "4619",
        "name": "希岸酒店郑州未来路会展中心店" 
    }],[{
        "id": "3458",
        "name": "ZMAX潮漫成都春熙路店" 
    },{
        "id": "4126",
        "name": "ZMAX潮漫南京夫子庙店" 
    },{
        "id": "4035",
        "name": "ZMAX潮漫成都建设路SM广场店" 
    },{
        "id": "3564",
        "name": "ZMAX潮漫合肥高铁南站店" 
    }],[{
        "id": "4187",
        "name": "非繁城品·都江堰景区店" 
    },{
        "id": "5092",
        "name": "非繁城品·长春人民大街南广场店" 
    },{
        "id": "5173",
        "name": "非繁城品·南昌红谷滩万达广场店" 
    },{
        "id": "4297",
        "name": "非繁城品·太原亲贤街茂业天地店" 
    }],[{
        "id": "XRH000001",
        "name": "三亚三亚湾希尔顿欢朋酒店" 
    },{
        "id": "XRH000007",
        "name": "成都沙湾希尔顿欢朋酒店" 
    },{
        "id": "XRH000006",
        "name": "武汉盘龙城希尔顿欢朋酒店" 
    },{
        "id": "XRH000002",
        "name": "广州珠江新城希尔顿欢朋酒店" 
    }]]
}